"SIVIMID","CANTEUNIS"
"Q-P13521","V37Z"
"Q-P13513","V37Z"
"Q-P13520","V37Z"
"NEW-OMAR-NI02","V37Z"
"T-P36761","V37Z"
"T-P05963","V37Z"
"T-P05974","V37Z"
"T-P22476","V37Z"
"R-P23950","V37Z"
"T-P05962","V37Z"
"T-P22469","V37Z"
"Q-P13515","V37Z"
"Q-P13525","V37Z"
"T-P22474","V37Z"
"T-P05977","V37Z"
"Q-P14942","V37Z"
"Q-P13524","V37Z"
"T-P05975","V37Z"
"T-P05965","V37Z"
"T-P05976","V37Z"
"T-P06625","V37Z"
"T-P22472","V37Z"
"Q-P13511","V37Z"
"Q-P13522","V37Z"
"T-P05972","V37Z"
"T-P22471","V37Z"
"T-P22470","V37Z"
"Q-P13523","V37Z"
"T-P22465","V37Z"
"T-P36759","V37Z"
"T-P05961","V37Z"
"Q-P13518","V37Z"
"T-P05968","V37Z"
"T-P22461","V37Z"
"Q-P13512","V37Z"
"T-P05973","V37Z"
"T-P22466","V37Z"
"T-P36760","V37Z"
"Q-P13519","V37Z"
"T-P06623","V37Z"
"T-P05971","V37Z"
"T-P05967","V37Z"
"Q-P13516","V37Z"
"T-P05978","V37Z"
"Q-P13527","V37Z"
"Q-P13530","V37Z"
"R-P23951","V37Z"
"Q-P13526","V37Z"
"Q-P13528","V37Z"
"T-P22475","V37Z"
"T-P36758","V37Z"
"Q-P13514","V37Z"
"Q-P13517","V37Z"
"T-P05966","V37Z"
"T-P05964","V37Z"
"T-P06626","V37Z"
"T-P12270","V39Y"
"T-P12268","V39Y"
"S-P21804","V39Y"
"U-P00649","V39Y"
"U-P00593","V39Y"
"T-P35970","V39Y"
"T-P12269","V39Y"
"T-P11641","V39Y"
"T-P11638","V39Y"
"T-P11639","V39Y"
"T-P11640","V39Y"
"T-P11645","V39Y"
"R-P28995","V39Y"
"T-P11643","V39Y"
"U-P00594","V39Y"
"S-P11132","V39Y"
"T-P11642","V39Y"
"S-P11135","V39Y"
"T-P04813","V39Y"
"R-P23937","V39Y"
"S-P11134","V39Y"
"T-P11636","V39Y"
"T-P12271","V39Y"
"S-P11136","V39Y"
"T-P35968","V39Y"
"S-P11143","V39Y"
"T-P35974","V39Y"
"T-P35971","V39Y"
"T-P11644","V39Y"
"T-P11881","V39Y"
"T-P11637","V39Y"
"T-P35967","V39Y"
"T-P11890","V39Y"
"T-P11880","V39Y"
"T-P35969","V39Y"
"S-P11131","V39Y"
"R-P24572","V39Y"
"S-P11144","V39Y"
"S-P11130","V39Y"
"T-P11882","V39Y"
"S-P18284","V39X"
"T-P23958","V39X"
"Q-P10102","V39X"
"T-P11648","V39X"
"S-P15139","V39X"
"R-P24677","V39X"
"T-P06614","V39X"
"T-P11651","V39X"
"T-P12040","V39X"
"T-P12277","V39X"
"T-P12278","V39X"
"T-P12037","V39X"
"R-P12727","V39X"
"T-P11878","V39X"
"T-P06597","V39X"
"R-P29007","V39X"
"T-P12281","V39X"
"Q-P10117","V39X"
"Q-P10100","V39X"
"Xixon05","V39X"
"R-P24672","V39X"
"S-P15134","V39X"
"S-P15132","V39X"
"T-P05183","V39X"
"R-P24671","V39X"
"T-P05180","V39X"
"S-P15131","V39X"
"Q-P08747","V39X"
"T-P11652","V39X"
"S-P15145","V39X"
"S-P15147","V39X"
"T-P06603","V39X"
"T-P11876","V39X"
"T-P05179","V39X"
"T-P11646","V39X"
"T-P12274","V39X"
"T-P12038","V39X"
"T-P12039","V39X"
"T-P12042","V39X"
"T-P05182","V39X"
"T-P05181","V39X"
"S-P15142","V39X"
"T-P11875","V39X"
"T-P06589","V39X"
"T-P03067","V39X"
"T-P06612","V39X"
"S-P18283","V39X"
"T-P03070","V39X"
"T-P12276","V39X"
"T-P06588","V39X"
"R-P29005","V39X"
"R-P23934","V39X"
"R-P23935","V39X"
"S-P15140","V39X"
"R-P29006","V39X"
"S-P17965","V39X"
"T-P06622","V39X"
"T-P11877","V39X"
"R-P15144","V39X"
"T-P06610","V39X"
"T-P06613","V39X"
"R-P29004","V39X"
"T-P06572","V39X"
"Q-P10116","V39X"
"R-P24675","V39X"
"T-P03073","V39X"
"T-P10797","V39X"
"T-P03072","V39X"
"S-P15141","V39X"
"T-P06989","V39X"
"S-P15146","V39X"
"S-P17968","V39X"
"T-P06601","V39X"
"S-P15149","V39X"
"T-P12275","V39X"
"Q-P10115","V39X"
"T-P05184","V39X"
"Q-P10099","V39X"
"Q-P10101","V39X"
"S-P15137","V39X"
"S-P17971","V39X"
"S-P17963","V39X"
"T-P23955","V39X"
"T-P06988","V39X"
"R-P15148","V39X"
"T-P06616","V39X"
"T-P12279","V39X"
"R-P24676","V39X"
"T-P11874","V39X"
"T-P11871","V39X"
"T-P06618","V39X"
"T-P12043","V39X"
"S-P17967","V39X"
"T-P06615","V39X"
"T-P23956","V39X"
"T-P12280","V39X"
"T-P06617","V39X"
"S-P17964","V39X"
"T-P12272","V39X"
"S-P18282","V39X"
"S-P15148","V39X"
"T-P12273","V39X"
"S-P15136","V39X"
"T-P11647","V39X"
"S-P17972","V39X"
"U-P00651","V39X"
"S-P17966","V39X"
"S-P18285","V39X"
"T-P07931","V39X"
"S-P11140","V39X"
"S-P11129","V39X"
"S-P12117","V39X"
"T-P06602","V39X"
"Q-P08751","V39X"
"Q-P10104","V39X"
"S-P17969","V39X"
"S-P17970","V39X"
"T-P05178","V39X"
"T-P11870","V39X"
"S-P15143","V39X"
"S-P15144","V39X"
"S-P11138","V39X"
"T-P03069","V39X"
"S-P11137","V39X"
"R-P24673","V39X"
"Q-P10113","V39X"
"U-P00647","V39X"
"T-P11649","V39X"
"Q-P08750","V39X"
"Q-P08749","V39X"
"T-P03068","V39X"
"Q-P08748","V39X"
"Q-P10114","V39X"
"S-P15135","V39X"
"S-P15133","V39X"
"Q-P10103","V39X"
"U-P16707","V39X"
"U-P16708","V39X"
"R-P15155","V39X"
"T-P11654","V39X"
"T-P06620","V39X"
"T-P06587","V39X"
"R-P23936","V39X"
"S-P15138","V39X"
"T-P11879","V39X"
"U-P12306","Q61Z"
"U-P12307","Q61Z"
"U-P12318","Q61Z"
"U-P12319","Q61Z"
"U-P12310","Q61Z"
"U-P12311","Q61Z"
"U-P12308","Q61Z"
"U-P12309","Q61Z"
"U-P12321","Q61Z"
"U-P12316","Q61Z"
"U-P12317","Q61Z"
"U-P12304","Q61Z"
"U-P12305","Q61Z"
"U-P12314","Q61Z"
"U-P12315","Q61Z"
"U-P12312","Q61Z"
"U-P12313","Q61Z"
"U-P12298","Q61Z"
"U-P12295","Q61Z"
"U-P12299","Q61Z"
"U-P12300","Q61Z"
"U-P12301","Q61Z"
"U-P12302","Q61Z"
"U-P12303","Q61Z"
"U-P12328","Q61Z"
"U-P12293","Q61Z"
"U-P12294","Q61Z"
"U-P12330","Q61Z"
"U-P12296","Q61Z"
"U-P12297","Q61Z"
"U-P12324","Q61Z"
"U-P12320","Q61Z"
"U-P12322","Q61Z"
"Q-P08765","V38Y"
"T-P06652","V38Y"
"T-P06650","V38Y"
"U-P00607","V38Y"
"T-P22336","V38Y"
"T-P11671","V38Y"
"S-P11152","V38Y"
"R-P12765","V38Y"
"T-P15427","V38Y"
"U-P00611","V38Y"
"T-P22357","V38Y"
"T-P15426","V38Y"
"T-P22363","V38Y"
"T-P12291","V38Y"
"T-P22337","V38Y"
"T-P06651","V38Y"
"U-P00115","V38Y"
"T-P12292","V38Y"
"R-P24049","V38Y"
"U-P16703","V38Y"
"T-P12289","V38Y"
"T-P12290","V38Y"
"S-P21801","V38Y"
"T-P22362","V38Y"
"T-P22360","V38Y"
"U-P00606","V38Y"
"T-P22339","V38Y"
"S-P21802","V38Y"
"T-P02609","V38Y"
"T-P15413","V38Y"
"R-P24048","V38Y"
"T-P22358","V38Y"
"T-P22333","V38Y"
"R-P24574","V38Y"
"U-P00116","V38Y"
"T-P11670","V38Y"
"T-P22359","V38Y"
"T-P22329","V38Y"
"R-P24047","V38Y"
"T-P22356","V38Y"
"S-P11153","V38Y"
"U-P00610","V38Y"
"S-P19747","V38Y"
"U-P00117","V38Y"
"R-P24046","V38Y"
"T-P02602","V38Y"
"R-P23983","V37X"
"R-P23961","V37X"
"R-P23984","V37X"
"S-P18277","V37X"
"Q-P10022","V37X"
"S-P19649","V37X"
"Q-P10023","V37X"
"Q-P10021","V37X"
"S-P18302","V37X"
"Q-P10024","V37X"
"T-P11853","V37X"
"U-P15500","V37X"
"R-P23985","V37X"
"R-P23988","V37X"
"R-P23960","V37X"
"U-P15499","V37X"
"T-P06631","V38X"
"U-P00602","V38X"
"T-P22334","V38X"
"T-P22330","V38X"
"T-P11669","V38X"
"T-P23965","V38X"
"T-P23959","V38X"
"U-P00111","V38X"
"U-P00108","V38X"
"Q-P09946","V38X"
"S-P11133","V38X"
"T-P22327","V38X"
"Q-P08767","V38X"
"U-P00107","V38X"
"T-P22331","V38X"
"T-P17235","V38X"
"S-P11160","V38X"
"S-P11159","V38X"
"T-P06628","V38X"
"T-P12288","V38X"
"U-P16705","V38X"
"U-P00110","V38X"
"Q-P08760","V38X"
"T-P22343","V38X"
"T-P22341","V38X"
"U-P00113","V38X"
"Q-P08758","V38X"
"Q-P08763","V38X"
"T-P17236","V38X"
"R-P24575","V38X"
"S-P11158","V38X"
"T-P22361","V38X"
"T-P03075","V38X"
"T-P22335","V38X"
"T-P22342","V38X"
"T-P04818","V38X"
"U-P00114","V38X"
"R-P28999","V38X"
"T-P04817","V38X"
"T-P04821","V38X"
"U-P00112","V38X"
"T-P11666","V38X"
"T-P04823","V38X"
"T-P22326","V38X"
"T-P23966","V38X"
"U-P16702","V38X"
"S-P11155","V38X"
"R-P28996","V38X"
"T-P23967","V38X"
"Q-P08756","V38X"
"S-P11156","V38X"
"T-P23964","V38X"
"U-P00603","V38X"
"T-P03076","V38X"
"S-P11151","V38X"
"S-P11154","V38X"
"T-P23968","V38X"
"T-P23960","V38X"
"S-P11157","V38X"
"U-P00604","V38X"
"T-P06630","V38X"
"R-P24573","V38X"
"T-P23969","V38X"
"T-P17238","V38X"
"T-P04824","V38X"
"T-P11668","V38X"
"Q-P08755","V38X"
"U-P16704","V38X"
"R-P28997","V38X"
"U-P00106","V38X"
"T-P12286","V38X"
"Q-P08768","V38X"
"R-P29000","V38X"
"U-P00599","V38X"
"U-P00600","V38X"
"T-P17234","V38X"
"S-P21800","V38X"
"T-P22338","V38X"
"Q-P08762","V38X"
"S-P21798","V38X"
"T-P04822","V38X"
"T-P12287","V38X"
"Q-P08764","V38X"
"T-P22332","V38X"
"Q-P08754","V38X"
"S-P21799","V38X"
"T-P11665","V38X"
"U-P00609","V38X"
"U-P00109","V38X"
"T-P11667","V38X"
"Q-P08766","V38X"
"S-P11150","V38X"
"U-P16706","V38X"
"U-P00601","V38X"
"T-P22344","V38X"
"S-P11149","V38X"
"T-P22340","V38X"
"S-P11161","V38X"
"T-P22328","V38X"
"Q-P02781","J25Y"
"T-P02582","J25Y"
"T-P11547","J25Y"
"T-P32455","J25Y"
"T-P04879","J25Y"
"S-P12042","J25Y"
"T-P03106","J25Y"
"Q-P02794","J25Y"
"S-P17954","J25Y"
"U-P00531","J25Y"
"T-P32466","J25Y"
"R-P15123","J25Y"
"T-P04889","J25Y"
"T-P03109","J25Y"
"U-P00529","J25Y"
"T-P03105","J25Y"
"R-P24474","J25Y"
"Xixon34","J25Y"
"S-P17952","J25Y"
"U-P00528","J25Y"
"S-P17951","J25Y"
"T-P12130","J25Y"
"Q-P09919","J25Y"
"T-P13304","J25Y"
"T-P32457","J25Y"
"Q-P02793","J25Y"
"T-P11545","J25Y"
"T-P13309","J25Y"
"Q-P02784","J25Y"
"R-P15125","J25Y"
"T-P03103","J25Y"
"U-P00530","J25Y"
"T-P32464","J25Y"
"R-P22336","J25Y"
"NEW-OMAR-TU92","J25Y"
"T-P03101","J25Y"
"Q-P02779","J25Y"
"T-P11544","J25Y"
"T-P11546","J25Y"
"R-P15121","J25Y"
"R-P23777","J25Y"
"Q-P02780","J25Y"
"R-P15124","J25Y"
"T-P32462","J25Y"
"T-P03102","J25Y"
"NEW-OMAR-CC86","J25Y"
"T-P32458","J25Y"
"T-P03110","J25Y"
"T-P03108","J25Y"
"R-P22337","J25Y"
"Q-P09918","J25Y"
"T-P03100","J25Y"
"Q-P02790","J25Y"
"S-P12041","J25Y"
"Q-P02778","J25Y"
"Q-P02792","J25Y"
"R-P22339","J25Y"
"R-P15122","J25Y"
"T-P03094","J25Y"
"T-P03107","J25Y"
"T-P11940","V38W"
"Q-P09509","V38W"
"R-P12755","V38W"
"Xixon09","V38W"
"T-P11939","V38W"
"R-P07586","V38W"
"R-P07585","V38W"
"Xixon23","V38W"
"T-P11945","V38W"
"NEW-OMAR-PA104","V38W"
"T-P11931","V38W"
"T-P11935","V38W"
"NEW-OMAR-BA12","V38W"
"T-P05186","V38W"
"U-P00596","V38W"
"T-P11938","V38W"
"S-P20425","V38W"
"T-P11952","V38W"
"Q-P09513","V38W"
"T-P05187","V38W"
"R-P07584","V38W"
"R-P07580","V38W"
"T-P05190","V38W"
"Q-P09507","V38W"
"T-P11948","V38W"
"Q-P09505","V38W"
"T-P11947","V38W"
"T-P05185","V38W"
"Xixon13","V38W"
"T-P11944","V38W"
"T-P11932","V38W"
"T-P11946","V38W"
"NEW-OMAR-CA04","V38W"
"T-P05189","V38W"
"Q-P09508","V38W"
"T-P11951","V38W"
"T-P11936","V38W"
"T-P11933","V38W"
"S-P12124","V38W"
"T-P11941","V38W"
"T-P36748","V38W"
"U-P00598","V38W"
"T-P05191","V38W"
"T-P05192","V38W"
"T-P22352","V38W"
"Q-P09506","V38W"
"R-P33439","V38W"
"R-P07588","V38W"
"Q-P09510","V38W"
"T-P11937","V38W"
"R-P12749","V38W"
"Xixon21","V38W"
"Xixon19","V38W"
"NEW-OMAR-PA97","V38W"
"T-P11953","V38W"
"T-P05188","V38W"
"T-P11943","V38W"
"T-P11942","V38W"
"R-P07579","V38W"
"T-P11934","V38W"
"R-P07587","V38W"
"T-P36749","V38W"
"Q-P09512","V38W"
"R-P12746","V38W"
"U-P00595","V38W"
"T-P11949","V38W"
"T-P11950","V38W"
"R-P27081","V37W"
"R-P27087","V37W"
"R-P27097","V37W"
"R-P27084","V37W"
"R-P27082","V37W"
"R-P27074","V37W"
"R-P27085","V37W"
"R-P27094","V37W"
"R-P27078","V37W"
"R-P27076","V37W"
"R-P27103","V37W"
"R-P27102","V37W"
"R-P27101","V37W"
"T-P33586","V37W"
"T-P33585","V37W"
"R-P27107","V37W"
"R-P27098","V37W"
"R-P27099","V37W"
"R-P27092","V37W"
"R-P27106","V37W"
"R-P27105","V37W"
"R-P27075","V37W"
"R-P27100","V37W"
"R-P27088","V37W"
"R-P27096","V37W"
"R-P27073","V37W"
"R-P27090","V37W"
"T-P36815","V37W"
"R-P27080","V37W"
"NEW-OMAR-NI03","V37W"
"T-P36818","V37W"
"R-P27093","V37W"
"T-P36817","V37W"
"R-P27089","V37W"
"R-P27095","V37W"
"T-P33583","V37W"
"T-P36816","V37W"
"R-P27086","V37W"
"Xixon01","V37W"
"R-P27079","V37W"
"T-P09653","R57Z"
"R-P24579","R57Z"
"R-P24578","R57Z"
"T-P11635","R57Z"
"R-P24581","R57Z"
"S-P21815","R57Z"
"T-P09654","R57Z"
"S-P21816","R57Z"
"S-P19748","R57Z"
"R-P24580","R57Z"
"R-P24577","R57Z"
"T-P09652","R57Z"
"Q-P09921","J25Z"
"R-P24473","J25Z"
"T-P32467","J25Z"
"R-P15118","J25Z"
"T-P32456","J25Z"
"T-P04877","J25Z"
"S-P12040","J25Z"
"R-P15120","J25Z"
"T-P13305","J25Z"
"S-P20229","J25Z"
"T-P04876","J25Z"
"T-P03093","J25Z"
"T-P03092","J25Z"
"T-P03091","J25Z"
"R-P15110","J25Z"
"Q-P07039","J25Z"
"T-P04882","J25Z"
"T-P13302","J25Z"
"R-P15119","J25Z"
"R-P15116","J25Z"
"T-P03104","J25Z"
"R-P15107","J25Z"
"R-P15106","J25Z"
"T-P36846","J25Z"
"Q-P02788","J25Z"
"T-P04883","J25Z"
"T-P03096","J25Z"
"T-P03088","J25Z"
"Q-P02787","J25Z"
"T-P32460","J25Z"
"T-P03097","J25Z"
"S-P20231","J25Z"
"T-P04885","J25Z"
"R-P15113","J25Z"
"T-P04881","J25Z"
"T-P04880","J25Z"
"Q-P02789","J25Z"
"T-P32459","J25Z"
"R-P22340","J25Z"
"T-P13308","J25Z"
"Q-P02782","J25Z"
"T-P36847","J25Z"
"R-P15109","J25Z"
"Q-P02786","J25Z"
"T-P03095","J25Z"
"T-P03098","J25Z"
"T-P04886","J25Z"
"T-P04884","J25Z"
"T-P13306","J25Z"
"Q-P02785","J25Z"
"R-P15104","J25Z"
"R-P15112","J25Z"
"R-P15111","J25Z"
"R-P15102","J25Z"
"R-P24472","J25Z"
"T-P03099","J25Z"
"T-P13307","J25Z"
"R-P15117","J25Z"
"Xixon31","J25Z"
"T-P04878","J25Z"
"T-P04875","J25Z"
"T-P32463","J25Z"
"R-P15115","J25Z"
"T-P32465","J25Z"
"T-P32461","J25Z"
"R-P15114","J25Z"
"T-P03090","J25Z"
"R-P15101","J25Z"
"R-P15108","J25Z"
"Q-P02791","J25Z"
"R-P15103","J25Z"
"Q-P07031","J25Z"
"S-P20230","J25Z"
"R-P24468","J25Z"
"R-P24469","J25Z"
"T-P03089","J25Z"
"T-P11655","V39Z"
"R-P15145","V39Z"
"R-P22243","V39Z"
"R-P14820","V39Z"
"Q-P10098","V39Z"
"T-P23963","V39Z"
"T-P06543","V39Z"
"R-P22241","V39Z"
"R-P23989","V39Z"
"T-P06555","V39Z"
"T-P03077","V39Z"
"T-P04814","V39Z"
"S-P18419","V39Z"
"T-P09649","V39Z"
"S-P20429","V39Z"
"R-P14821","V39Z"
"R-P24662","V39Z"
"R-P24664","V39Z"
"NEW-OMAR-PA102","V39Z"
"T-P04816","V39Z"
"R-P15153","V39Z"
"S-P18295","V39Z"
"S-P20320","V39Z"
"T-P23961","V39Z"
"T-P06619","V39Z"
"T-P06546","V39Z"
"R-P24660","V39Z"
"T-P11883","V39Z"
"S-P20421","V39Z"
"T-P23970","V39Z"
"S-P20422","V39Z"
"T-P03071","V39Z"
"T-P06568","V39Z"
"S-P12112","V39Z"
"T-P06585","V39Z"
"S-P15155","V39Z"
"T-P07926","V39Z"
"T-P11960","V39Z"
"T-P09641","V39Z"
"T-P11664","V39Z"
"R-P15149","V39Z"
"T-P06605","V39Z"
"Q-P08752","V39Z"
"T-P06571","V39Z"
"T-P06621","V39Z"
"T-P09644","V39Z"
"S-P16235","V39Z"
"T-P06569","V39Z"
"R-P22242","V39Z"
"T-P06577","V39Z"
"T-P09639","V39Z"
"T-P09638","V39Z"
"U-P05024","V39Z"
"T-P11656","V39Z"
"R-P24657","V39Z"
"T-P06567","V39Z"
"T-P36756","V39Z"
"T-P09646","V39Z"
"T-P09642","V39Z"
"S-P10953","V39Z"
"T-P06545","V39Z"
"T-P06584","V39Z"
"S-P15153","V39Z"
"T-P06629","V39Z"
"T-P06557","V39Z"
"R-P23941","V39Z"
"R-P23948","V39Z"
"T-P09647","V39Z"
"T-P06566","V39Z"
"Q-P10111","V39Z"
"T-P36755","V39Z"
"T-P36753","V39Z"
"T-P07930","V39Z"
"S-P11142","V39Z"
"U-P13628","V39Z"
"S-P15154","V39Z"
"T-P09651","V39Z"
"T-P06627","V39Z"
"T-P06552","V39Z"
"R-P23944","V39Z"
"Q-P10106","V39Z"
"Q-P10110","V39Z"
"U-P13629","V39Z"
"T-P36754","V39Z"
"T-P11659","V39Z"
"T-P09640","V39Z"
"T-P06563","V39Z"
"T-P06582","V39Z"
"U-P05018","V39Z"
"T-P11660","V39Z"
"Q-P10105","V39Z"
"R-P15157","V39Z"
"Q-P10108","V39Z"
"S-P16236","V39Z"
"R-P22246","V39Z"
"T-P11884","V39Z"
"T-P04819","V39Z"
"T-P06595","V39Z"
"T-P27869","V39Z"
"T-P06551","V39Z"
"R-P24667","V39Z"
"S-P16229","V39Z"
"R-P24665","V39Z"
"S-P16228","V39Z"
"S-P15158","V39Z"
"T-P12282","V39Z"
"R-P23949","V39Z"
"T-P23962","V39Z"
"T-P04812","V39Z"
"T-P09650","V39Z"
"T-P13199","V39Z"
"T-P06591","V39Z"
"R-P24661","V39Z"
"R-P24659","V39Z"
"T-P36752","V39Z"
"T-P13196","V39Z"
"R-P24666","V39Z"
"S-P19751","V39Z"
"T-P13200","V39Z"
"R-P23991","V39Z"
"T-P11873","V39Z"
"R-P24669","V39Z"
"T-P12283","V39Z"
"Q-P10091","V39Z"
"R-P29002","V39Z"
"T-P36750","V39Z"
"R-P14822","V39Z"
"T-P36747","V39Z"
"R-P24658","V39Z"
"S-P21809","V39Z"
"T-P06547","V39Z"
"T-P11886","V39Z"
"R-P24655","V39Z"
"S-P21810","V39Z"
"T-P06560","V39Z"
"U-P00592","V39Z"
"T-P06578","V39Z"
"R-P24656","V39Z"
"R-P22244","V39Z"
"T-P11889","V39Z"
"R-P15156","V39Z"
"T-P06570","V39Z"
"Q-P09157","V39Z"
"T-P12041","V39Z"
"T-P06575","V39Z"
"R-P23945","V39Z"
"T-P06558","V39Z"
"S-P16231","V39Z"
"T-P06559","V39Z"
"T-P09645","V39Z"
"T-P06604","V39Z"
"R-P15154","V39Z"
"U-P06411","V39Z"
"R-P15150","V39Z"
"T-P06576","V39Z"
"S-P15156","V39Z"
"T-P06586","V39Z"
"S-P15157","V39Z"
"Q-P09156","V39Z"
"Q-P08753","V39Z"
"T-P06606","V39Z"
"T-P11658","V39Z"
"T-P11663","V39Z"
"R-P15152","V39Z"
"T-P06590","V39Z"
"T-P06556","V39Z"
"Q-P10090","V39Z"
"T-P06592","V39Z"
"S-P15152","V39Z"
"S-P12115","V39Z"
"S-P11141","V39Z"
"T-P06598","V39Z"
"T-P06599","V39Z"
"T-P11653","V39Z"
"T-P06600","V39Z"
"T-P06607","V39Z"
"Q-P10107","V39Z"
"T-P36757","V39Z"
"T-P11657","V39Z"
"T-P06579","V39Z"
"T-P06596","V39Z"
"T-P06574","V39Z"
"S-P21812","V39Z"
"Q-P10097","V39Z"
"Q-P10095","V39Z"
"T-P07927","V39Z"
"U-P00122","V39Z"
"Q-P10089","V39Z"
"R-P15147","V39Z"
"U-P06406","V39Z"
"T-P09648","V39Z"
"R-P29001","V39Z"
"T-P06593","V39Z"
"R-P24668","V39Z"
"T-P33582","V39Z"
"T-P06573","V39Z"
"T-P06624","V39Z"
"R-P15146","V39Z"
"S-P16232","V39Z"
"S-P16230","V39Z"
"T-P06554","V39Z"
"R-P15151","V39Z"
"T-P11650","V39Z"
"T-P11872","V39Z"
"T-P23957","V39Z"
"R-P23942","V39Z"
"T-P06561","V39Z"
"R-P12717","V39Z"
"R-P24670","V39Z"
"T-P03074","V39Z"
"T-P06565","V39Z"
"Q-P10093","V39Z"
"T-P06580","V39Z"
"T-P13198","V39Z"
"Q-P10125","V37Y"
"R-P23990","V37Y"
"T-P36765","V37Y"
"Q-P10123","V37Y"
"R-P24692","V37Y"
"T-P06541","V37Y"
"R-P23997","V37Y"
"Q-P10126","V37Y"
"R-P23994","V37Y"
"T-P06549","V37Y"
"T-P06544","V37Y"
"T-P13252","V37Y"
"Q-P10127","V37Y"
"R-P24674","V37Y"
"R-P24691","V37Y"
"T-P06542","V37Y"
"R-P23996","V37Y"
"T-P36766","V37Y"
"R-P24690","V37Y"
"Q-P10124","V37Y"
"T-P09643","V37Y"
"Q-P10129","V37Y"
"R-P24688","V37Y"
"R-P24689","V37Y"
"Q-P10128","V37Y"
"S-P16233","V37Y"
"S-P16234","V37Y"
"T-P36767","V37Y"
"R-P24684","V37Y"
"R-P24687","V37Y"
"T-P06550","V37Y"
"Q-P10130","V37Y"
"R-P23993","V37Y"
"R-P23992","V37Y"
"R-P24685","V37Y"
"T-P06548","V37Y"
"Q-P12635","V32Z"
"Q-P12656","V32Z"
"Q-P12632","V32Z"
"Q-P12631","V32Z"
"Q-P12637","V32Z"
"S-P21316","V32Z"
"Q-P12642","V32Z"
"Q-P12641","V32Z"
"S-P21317","V32Z"
"Q-P12639","V32Z"
"R-P20911","V32Z"
"Q-P12640","V32Z"
"R-P20908","V32Z"
"Q-P12644","V32Z"
"R-P20909","V32Z"
"Q-P12634","V32Z"
"Q-P12633","V32Z"
"S-P21313","V32Z"
"S-P21314","V32Z"
"Q-P12645","V32Z"
"Q-P12655","V32Z"
"Q-P12646","V32Z"
"Q-P12638","V32Z"
"S-P21315","V32Z"
"T-P05154","V10Y"
"T-P23953","V10Y"
"T-P22468","V10Y"
"T-P05157","V10Y"
"T-P22430","V10Y"
"T-P22463","V10Y"
"Q-P14999","V10Y"
"T-P22445","V10Y"
"NEW-OMAR-BA06","V10Y"
"T-P05152","V10Y"
"S-P20394","V10Y"
"T-P36780","V10Y"
"R-P22272","V10Y"
"T-P22457","V10Y"
"Q-P10085","V10Y"
"R-P22273","V10Y"
"T-P22467","V10Y"
"T-P05174","V10Y"
"R-P22265","V10Y"
"T-P05172","V10Y"
"Q-P14986","V10Y"
"T-P32608","V10Y"
"T-P22462","V10Y"
"T-P36783","V10Y"
"Q-P14983","V10Y"
"T-P22451","V10Y"
"T-P22447","V10Y"
"T-P22448","V10Y"
"T-P22460","V10Y"
"R-P22276","V10Y"
"T-P36784","V10Y"
"T-P22473","V10Y"
"S-P15115","V10Y"
"T-P22449","V10Y"
"R-P22271","V10Y"
"T-P36779","V10Y"
"Q-P14977","V10Y"
"R-P24663","V10Y"
"T-P22446","V10Y"
"Q-P10086","V10Y"
"R-P23966","V10Y"
"T-P33573","V10Y"
"R-P22260","V10Y"
"T-P22434","V10Y"
"T-P05159","V10Y"
"U-P13632","V10Y"
"T-P22437","V10Y"
"R-P24627","V10Y"
"T-P03083","V10Y"
"S-P15106","V10Y"
"T-P03084","V10Y"
"S-P18298","V10Y"
"T-P22483","V10Y"
"R-P22269","V10Y"
"T-P03086","V10Y"
"T-P27798","V10Y"
"T-P22486","V10Y"
"U-P00623","V10Y"
"T-P05169","V10Y"
"S-P15104","V10Y"
"R-P22264","V10Y"
"R-P24625","V10Y"
"T-P05160","V10Y"
"T-P05161","V10Y"
"R-P22268","V10Y"
"T-P22454","V10Y"
"R-P22255","V10Y"
"T-P05155","V10Y"
"T-P33572","V10Y"
"T-P22485","V10Y"
"T-P05158","V10Y"
"T-P22436","V10Y"
"T-P22432","V10Y"
"T-P22477","V10Y"
"R-P23972","V10Y"
"T-P05164","V10Y"
"T-P23946","V10Y"
"NEW-OMAR-BA38","V10Y"
"Q-P14973","V10Y"
"R-P24624","V10Y"
"S-P18301","V10Y"
"T-P22482","V10Y"
"S-P18300","V10Y"
"S-P21793","V10Y"
"S-P21795","V10Y"
"R-P23967","V10Y"
"R-P23970","V10Y"
"S-P15108","V10Y"
"S-P18299","V10Y"
"T-P22479","V10Y"
"T-P32590","V10Y"
"T-P22480","V10Y"
"R-P22257","V10Y"
"T-P22433","V10Y"
"R-P24631","V10Y"
"R-P22256","V10Y"
"T-P05162","V10Y"
"T-P03085","V10Y"
"T-P23943","V10Y"
"S-P21796","V10Y"
"T-P22453","V10Y"
"T-P11662","V10Y"
"S-P19644","V10Y"
"T-P32593","V10Y"
"R-P24629","V10Y"
"T-P22484","V10Y"
"U-P00123","V10Y"
"S-P20401","V10Y"
"Q-P10084","V10Y"
"T-P05167","V10Y"
"T-P22464","V10Y"
"Q-P10064","V10Y"
"T-P05173","V10Y"
"T-P05151","V10Y"
"T-P22441","V10Y"
"T-P22444","V10Y"
"T-P12086","V10Y"
"Q-P14974","V10Y"
"T-P22455","V10Y"
"T-P22459","V10Y"
"T-P05156","V10Y"
"R-P22258","V10Y"
"T-P22450","V10Y"
"T-P05168","V10Y"
"T-P05170","V10Y"
"T-P22438","V10Y"
"R-P23973","V10Y"
"R-P24686","V10Y"
"Q-P10087","V10Y"
"T-P05153","V10Y"
"T-P13207","V10Y"
"S-P18297","V10Y"
"R-P24630","V10Y"
"T-P22458","V10Y"
"T-P03087","V10Y"
"Q-P10082","V10Y"
"T-P05165","V10Y"
"R-P22262","V10Y"
"NEW-OMAR-BA34","V10Y"
"R-P22274","V10Y"
"Q-P10088","V10Y"
"T-P22440","V10Y"
"T-P32594","V10Y"
"R-P24628","V10Y"
"NEW-OMAR-PA35","V10Y"
"S-P19643","V10Y"
"R-P24632","V10Y"
"T-P22481","V10Y"
"T-P27794","V10Y"
"T-P22435","V10Y"
"T-P05166","V10Y"
"R-P23971","V10Y"
"R-P24626","V10Y"
"T-P27801","V10Y"
"T-P22452","V10Y"
"T-P27791","V10Y"
"S-P15110","V10Y"
"T-P23951","V10Y"
"T-P23952","V10Y"
"T-P06609","V10Y"
"Q-P10083","V10Y"
"R-P22261","V10Y"
"T-P23948","V10Y"
"T-P23944","V10Y"
"T-P23947","V10Y"
"T-P33577","V10Y"
"R-P22266","V10Y"
"T-P22431","V10Y"
"T-P32589","V10Y"
"R-P22263","V10Y"
"T-P36798","V10Y"
"T-P03082","V10Y"
"T-P05163","V10Y"
"R-P23969","V10Y"
"T-P23945","V10Y"
"R-P22259","V10Y"
"T-P22456","V10Y"
"T-P23949","V10Y"
"T-P33576","V10Y"
"R-P23968","V10Y"
"S-P18303","V10Y"
"T-P07857","Q61Y"
"T-P07855","Q61Y"
"T-P07858","Q61Y"
"T-P07841","Q61Y"
"T-P07856","Q61Y"
"Q-P10408","Q61Y"
"T-P07859","Q61Y"
"T-P07838","Q61Y"
"T-P07860","Q61Y"
"T-P07850","Q61Y"
"T-P07852","Q61Y"
"T-P07961","Q61Y"
"T-P07851","Q61Y"
"Q-P09811","Q61Y"
"Q-P09812","Q61Y"
"Q-P10407","Q61Y"
"R-P24605","V34Z"
"R-P24606","V34Z"
"Q-P09991","V34Z"
"T-P15254","V34Z"
"Q-P09988","V34Z"
"R-P23965","V34Z"
"T-P15261","V34Z"
"T-P15258","V34Z"
"R-P22313","V34Z"
"T-P15264","V34Z"
"Q-P09992","V34Z"
"R-P24609","V34Z"
"T-P15256","V34Z"
"T-P15255","V34Z"
"R-P22300","V34Z"
"Q-P09993","V34Z"
"T-P27853","V34Z"
"R-P22312","V34Z"
"T-P28146","V34Z"
"R-P23962","V34Z"
"T-P05139","V34Z"
"Q-P09987","V34Z"
"U-P15821","V34Z"
"T-P15253","V34Z"
"T-P36825","V34Z"
"R-P23964","V34Z"
"R-P24611","V34Z"
"T-P15262","V34Z"
"T-P05138","V34Z"
"Q-P10003","V34Z"
"T-P05141","V34Z"
"T-P13261","V34Z"
"R-P22311","V34Z"
"U-P15818","V34Z"
"T-P22442","V34Z"
"T-P02918","V34Z"
"R-P24613","V34Z"
"U-P06399","V34Z"
"Q-P09986","V34Z"
"R-P22310","V34Z"
"T-P15249","V34Z"
"Q-P09990","V34Z"
"T-P15251","V34Z"
"R-P24600","V34Z"
"T-P15250","V34Z"
"Q-P09994","V34Z"
"T-P15267","V34Z"
"T-P15252","V34Z"
"T-P15248","V34Z"
"Q-P09995","V34Z"
"S-P20450","V34Z"
"S-P15170","V34Z"
"R-P24612","V34Z"
"U-P15822","V34Z"
"R-P22314","V34Z"
"R-P24608","V34Z"
"T-P15265","V34Z"
"R-P24610","V34Z"
"T-P15260","V34Z"
"T-P15238","V34Z"
"Q-P09989","V34Z"
"T-P15263","V34Z"
"S-P25141","V34Z"
"T-P15257","V34Z"
"T-P05140","V34Z"
"S-P15117","V34Z"
"R-P22301","V34Z"
"T-P15259","V34Z"
"R-P24607","V34Z"
"Q-P08773","V34Y"
"T-P27852","V34Y"
"T-P11836","V34Y"
"T-P05136","V34Y"
"S-P18271","V34Y"
"Q-P09983","V34Y"
"Q-P09984","V34Y"
"T-P03501","V34Y"
"R-P23912","V34Y"
"U-P00118","V34Y"
"T-P27840","V34Y"
"S-P18274","V34Y"
"T-P15242","V34Y"
"S-P12104","V34Y"
"Q-P08769","V34Y"
"Q-P08771","V34Y"
"T-P36824","V34Y"
"T-P13260","V34Y"
"R-P24599","V34Y"
"S-P20437","V34Y"
"Q-P09982","V34Y"
"T-P15239","V34Y"
"R-P22306","V34Y"
"T-P06971","V34Y"
"R-P22308","V34Y"
"T-P11675","V34Y"
"T-P15241","V34Y"
"S-P12097","V34Y"
"S-P11166","V34Y"
"T-P02599","V34Y"
"S-P11168","V34Y"
"T-P36823","V34Y"
"R-P28992","V34Y"
"T-P11854","V34Y"
"Q-P08772","V34Y"
"R-P28991","V34Y"
"S-P11170","V34Y"
"R-P24602","V34Y"
"T-P11674","V34Y"
"T-P12312","V34Y"
"R-P22307","V34Y"
"Q-P10416","V34Y"
"R-P28987","V34Y"
"R-P24597","V34Y"
"S-P11167","V34Y"
"R-P24598","V34Y"
"S-P20423","V34Y"
"T-P15237","V34Y"
"T-P11846","V34Y"
"T-P13258","V34Y"
"R-P24601","V34Y"
"T-P11676","V34Y"
"R-P23907","V34Y"
"T-P27837","V34Y"
"T-P11678","V34Y"
"T-P11838","V34Y"
"Q-P08770","V34Y"
"T-P06979","V34Y"
"S-P12107","V34Y"
"R-P28990","V34Y"
"U-P00119","V34Y"
"R-P22304","V34Y"
"S-P15160","V34Y"
"R-P28988","V34Y"
"S-P18272","V34Y"
"S-P11163","V34Y"
"S-P19749","V34Y"
"S-P20446","V34Y"
"R-P28989","V34Y"
"T-P36822","V34Y"
"T-P15243","V34Y"
"R-P24604","V34Y"
"T-P05135","V34Y"
"S-P20439","V34Y"
"S-P20445","V34Y"
"T-P11837","V34Y"
"S-P11162","V34Y"
"Q-P08774","V34Y"
"S-P20443","V34Y"
"Q-P09985","V34Y"
"S-P19645","V34Y"
"S-P11164","V34Y"
"S-P12085","V34Y"
"Q-P09996","V34Y"
"U-P00289","V34Y"
"T-P05322","V34Y"
"R-P22302","V34Y"
"T-P04826","V34Y"
"R-P15166","V34Y"
"U-P00618","V34Y"
"T-P13255","V34Y"
"T-P12309","V34Y"
"S-P12091","V34Y"
"T-P03122","V34Y"
"U-P00120","V34Y"
"T-P03126","V34Y"
"T-P03123","V34Y"
"Q-P09998","V34Y"
"R-P15169","V34Y"
"T-P03121","V34Y"
"T-P06974","V34Y"
"R-P15163","V34Y"
"R-P15168","V34Y"
"Q-P09997","V34Y"
"R-P15165","V34Y"
"R-P23959","V34Y"
"R-P15164","V34Y"
"T-P06973","V34Y"
"T-P11673","V34Y"
"T-P27851","V34Y"
"R-P15160","V34Y"
"NEW-OMAR-PA30","V34Y"
"T-P11840","V34Y"
"T-P11845","V34Y"
"U-P06056","V34Y"
"R-P15161","V34Y"
"S-P20449","V34Y"
"T-P13257","V34Y"
"T-P13259","V34Y"
"T-P27839","V34Y"
"R-P22305","V34Y"
"T-P15266","V34Y"
"T-P12310","V34Y"
"R-P24603","V34Y"
"T-P11839","V34Y"
"R-P24596","V34Y"
"R-P22303","V34Y"
"T-P11842","V34Y"
"R-P24595","V34Y"
"T-P13256","V34Y"
"U-P00619","V34Y"
"R-P15162","V34Y"
"U-P06057","V34Y"
"T-P06980","V34Y"
"T-P12308","V34Y"
"U-P00621","V34Y"
"R-P22309","V34Y"
"T-P06977","V34Y"
"R-P15158","V34Y"
"U-P15820","V34Y"
"T-P06978","V34Y"
"T-P06976","V34Y"
"T-P03125","V34Y"
"T-P12306","V34Y"
"U-P00423","V34Y"
"S-P11169","V34Y"
"T-P12311","V34Y"
"S-P20451","V34Y"
"S-P12089","V34Y"
"R-P15177","V34Y"
"Xixon18","V34Y"
"T-P03124","V34Y"
"R-P15159","V34Y"
"R-P24594","V34Y"
"S-P20448","V34Y"
"R-P15167","V34Y"
"T-P04828","V34Y"
"T-P13254","V34Y"
"U-P00620","V34Y"
"T-P11677","V34Y"
"T-P11672","V34Y"
"T-P12307","V34Y"
"T-P06975","V34Y"
"S-P12092","V34Y"
"S-P11165","V34Y"
"S-P17976","V35Z"
"NEW-OMAR-RE27","V35Z"
"R-P15170","V35Z"
"S-P20434","V35Z"
"T-P05134","V35Z"
"T-P15246","V35Z"
"T-P04827","V35Z"
"NEW-OMAR-BA20","V35Z"
"T-P05326","V35Z"
"S-P17975","V35Z"
"T-P12313","V35Z"
"T-P15247","V35Z"
"T-P15245","V35Z"
"R-P15172","V35Z"
"S-P17973","V35Z"
"R-P15174","V35Z"
"T-P11680","V35Z"
"R-P15173","V35Z"
"T-P11850","V35Z"
"R-P15176","V35Z"
"S-P17974","V35Z"
"R-P15175","V35Z"
"T-P15240","V35Z"
"T-P15244","V35Z"
"Q-P10081","V35Z"
"T-P03128","V35Z"
"R-P15171","V35Z"
"T-P03132","V35Z"
"S-P20442","V35Z"
"T-P03129","V35Z"
"T-P12314","V35Z"
"T-P05137","V35Z"
"T-P03130","V35Z"
"T-P03131","V35Z"
"T-P03127","V35Z"
"S-P17977","V35Z"
"S-P17978","V35Z"
"S-P17979","V35Z"
"T-P11679","V35Z"
"R-P15178","V35Z"
"T-P11848","V35Z"
"T-P11849","V35Z"
"T-P11851","V35Z"
"S-P15177","V35Z"
"S-P20384","V10Z"
"Q-P14976","V10Z"
"T-P03512","V10Z"
"Q-P14992","V10Z"
"T-P12090","V10Z"
"T-P33539","V10Z"
"Q-P10050","V10Z"
"R-P24011","V10Z"
"R-P21305","V10Z"
"Q-P14985","V10Z"
"T-P33548","V10Z"
"T-P36770","V10Z"
"R-P21306","V10Z"
"S-P20358","V10Z"
"Q-P08735","V10Z"
"T-P33540","V10Z"
"T-P03473","V10Z"
"T-P27823","V10Z"
"T-P33545","V10Z"
"Q-P14980","V10Z"
"T-P33547","V10Z"
"U-P10330","V10Z"
"U-P10332","V10Z"
"R-P22254","V10Z"
"S-P20393","V10Z"
"S-P20382","V10Z"
"T-P33537","V10Z"
"T-P15408","V10Z"
"Q-P14988","V10Z"
"S-P20360","V10Z"
"R-P22270","V10Z"
"Q-P10067","V10Z"
"T-P12104","V10Z"
"T-P12108","V10Z"
"T-P03500","V10Z"
"Q-P15000","V10Z"
"Q-P10060","V10Z"
"R-P24015","V10Z"
"T-P33549","V10Z"
"U-P10334","V10Z"
"T-P33554","V10Z"
"S-P20385","V10Z"
"S-P20386","V10Z"
"R-P24620","V10Z"
"T-P36776","V10Z"
"T-P32595","V10Z"
"T-P33544","V10Z"
"Q-P10052","V10Z"
"T-P12050","V10Z"
"T-P31627","V10Z"
"T-P12054","V10Z"
"T-P36769","V10Z"
"S-P20381","V10Z"
"T-P36772","V10Z"
"T-P36788","V10Z"
"U-P10337","V10Z"
"T-P33541","V10Z"
"T-P32605","V10Z"
"R-P24001","V10Z"
"Q-P14993","V10Z"
"Q-P10054","V10Z"
"Q-P14997","V10Z"
"Q-P10040","V10Z"
"T-P32599","V10Z"
"U-P10329","V10Z"
"T-P12077","V10Z"
"T-P32601","V10Z"
"S-P19641","V10Z"
"T-P03471","V10Z"
"T-P36790","V10Z"
"T-P12102","V10Z"
"T-P22443","V10Z"
"T-P27812","V10Z"
"T-P36777","V10Z"
"T-P03492","V10Z"
"T-P33531","V10Z"
"S-P12048","V10Z"
"Q-P10062","V10Z"
"S-P19639","V10Z"
"T-P32598","V10Z"
"U-P10335","V10Z"
"T-P03533","V10Z"
"T-P36773","V10Z"
"T-P03469","V10Z"
"T-P03472","V10Z"
"U-P10323","V10Z"
"T-P36791","V10Z"
"T-P33558","V10Z"
"T-P32596","V10Z"
"R-P24622","V10Z"
"T-P03482","V10Z"
"U-P10327","V10Z"
"S-P20370","V10Z"
"U-P10358","V10Z"
"S-P19642","V10Z"
"T-P36787","V10Z"
"U-P10336","V10Z"
"T-P36786","V10Z"
"T-P32603","V10Z"
"T-P27809","V10Z"
"T-P12103","V10Z"
"R-P24621","V10Z"
"S-P20399","V10Z"
"R-P24006","V10Z"
"T-P12297","V10Z"
"T-P36768","V10Z"
"T-P32597","V10Z"
"T-P33552","V10Z"
"T-P33538","V10Z"
"T-P03513","V10Z"
"R-P24018","V10Z"
"T-P12101","V10Z"
"T-P36775","V10Z"
"U-P10322","V10Z"
"R-P24019","V10Z"
"T-P33569","V10Z"
"T-P33533","V10Z"
"T-P33534","V10Z"
"R-P24008","V10Z"
"T-P33565","V10Z"
"T-P33566","V10Z"
"T-P33551","V10Z"
"T-P03468","V10Z"
"T-P32604","V10Z"
"T-P32592","V10Z"
"R-P24017","V10Z"
"T-P03470","V10Z"
"T-P12098","V10Z"
"T-P12096","V10Z"
"U-P10340","V10Z"
"T-P12093","V10Z"
"T-P27824","V10Z"
"Q-P10070","V10Z"
"T-P12299","V10Z"
"T-P33535","V10Z"
"U-P10333","V10Z"
"S-P20396","V10Z"
"Q-P07737","V10Z"
"Q-P07736","V10Z"
"T-P12100","V10Z"
"U-P10346","V10Z"
"S-P20405","V10Z"
"U-P10345","V10Z"
"Q-P10069","V10Z"
"T-P36792","V10Z"
"T-P12092","V10Z"
"T-P33559","V10Z"
"T-P36785","V10Z"
"T-P32600","V10Z"
"T-P33536","V10Z"
"T-P32602","V10Z"
"S-P20395","V10Z"
"T-P12099","V10Z"
"T-P33567","V10Z"
"T-P12097","V10Z"
"T-P12078","V10Z"
"T-P33564","V10Z"
"T-P27808","V10Z"
"T-P33532","V10Z"
"T-P12095","V10Z"
"Q-P10066","V10Z"
"R-P24016","V10Z"
"R-P24010","V10Z"
"T-P33562","V10Z"
"T-P33561","V10Z"
"Q-P14996","V10Z"
"Q-P10065","V10Z"
"T-P33563","V10Z"
"T-P36794","V10Z"
"T-P36795","V10Z"
"Q-P14998","V10Z"
"R-P24007","V10Z"
"U-P10344","V10Z"
"U-P10341","V10Z"
"U-P10343","V10Z"
"T-P33560","V10Z"
"T-P36793","V10Z"
"S-P20387","V10Z"
"S-P19648","V10Z"
"T-P12087","V10Z"
"T-P12088","V10Z"
"Q-P10068","V10Z"
"Q-P10053","V10Z"
"Q-P10051","V10Z"
"R-P24009","V10Z"
"R-P21300","V10Z"
"Q-P07847","V10Z"
"T-P33553","V10Z"
"Q-P10046","V10Z"
"T-P33542","V10Z"
"Q-P14979","V10Z"
"Q-P10049","V10Z"
"R-P21301","V10Z"
"Q-P10048","V10Z"
"Q-P10045","V10Z"
"T-P03479","V10Z"
"Q-P14978","V10Z"
"Q-P14990","V10Z"
"S-P20362","V10Z"
"Q-P10041","V10Z"
"Q-P14982","V10Z"
"T-P03503","V10Z"
"Q-P14984","V10Z"
"Q-P14975","V10Z"
"T-P33557","V10Z"
"Q-P14991","V10Z"
"Q-P14989","V10Z"
"R-P21302","V10Z"
"R-P21304","V10Z"
"Q-P10037","V10Z"
"T-P27807","V10Z"
"Q-P10043","V10Z"
"Q-P10047","V10Z"
"Q-P14981","V10Z"
"T-P33555","V10Z"
"R-P21298","V10Z"
"T-P33556","V10Z"
"T-P36789","V10Z"
"U-P10339","V10Z"
"T-P33543","V10Z"
"Q-P14995","V10Z"
"Q-P10055","V10Z"
"R-P21303","V10Z"
"T-P36782","V10Z"
"Q-P10038","V10Z"
"T-P33550","V10Z"
"R-P23999","V10Z"
"Q-P10042","V10Z"
"Q-P14987","V10Z"
"U-P10338","V10Z"
"T-P33546","V10Z"
"S-P20365","V10Z"
"Q-P10036","V10Z"
"T-P03480","V10Z"
"Q-P10061","V10Z"
"T-P17221","R55Z"
"T-P11957","R55Z"
"T-P17220","R55Z"
"R-P22250","R55Z"
"T-P06539","R55Z"
"R-P24680","R55Z"
"T-P17224","R55Z"
"T-P32587","R55Z"
"S-P20408","R55Z"
"T-P12285","R55Z"
"S-P20411","R55Z"
"S-P20410","R55Z"
"T-P32576","R55Z"
"T-P32577","R55Z"
"T-P32578","R55Z"
"T-P11954","R55Z"
"T-P32580","R55Z"
"S-P20416","R55Z"
"T-P06538","R55Z"
"T-P32584","R55Z"
"T-P17223","R55Z"
"R-P24682","R55Z"
"S-P10956","R55Z"
"T-P11958","R55Z"
"T-P17226","R55Z"
"S-P20418","R55Z"
"S-P20413","R55Z"
"T-P32585","R55Z"
"S-P20419","R55Z"
"R-P24681","R55Z"
"S-P20420","R55Z"
"T-P11955","R55Z"
"T-P17222","R55Z"
"S-P20412","R55Z"
"T-P12284","R55Z"
"T-P32588","R55Z"
"R-P22249","R55Z"
"T-P17225","R55Z"
"T-P11959","R55Z"
"T-P17228","R55Z"
"S-P20414","R55Z"
"S-P20415","R55Z"
"T-P11956","R55Z"
"R-P24678","R55Z"
"T-P17219","R55Z"
"S-P20417","R55Z"
"T-P06540","R55Z"
"S-P20407","R55Z"
"T-P32574","R55Z"
"S-P20406","R55Z"
"S-P20409","R55Z"
"T-P17230","R55Z"
"T-P17227","R55Z"
"T-P11961","R55Z"
"T-P17218","R55Z"
"T-P32579","R55Z"
"T-P17231","R55Z"
"T-P32582","R55Z"
"T-P32575","R55Z"
"T-P17229","R55Z"
"T-P32583","R55Z"
"T-P17232","R55Z"
"T-P22353","V38Z"
"Q-P09968","V38Z"
"R-P22236","V38Z"
"R-P24042","V38Z"
"Q-P09967","V38Z"
"R-P24045","V38Z"
"R-P22238","V38Z"
"R-P24576","V38Z"
"R-P22237","V38Z"
"R-P22239","V38Z"
"T-P06641","V38Z"
"T-P06646","V38Z"
"R-P22240","V38Z"
"T-P13205","V38Z"
"R-P24040","V38Z"
"T-P36743","V38Z"
"T-P36741","V38Z"
"R-P24041","V38Z"
"T-P15409","V38Z"
"S-P15125","V37V"
"R-P15143","V37V"
"T-P11687","V37V"
"R-P23933","V37V"
"S-P15119","V37V"
"U-P06054","V37V"
"R-P24652","V37V"
"R-P28993","V37V"
"T-P27785","V37V"
"NEW-OMAR-LF10","V37V"
"T-P02591","V37V"
"T-P11857","V37V"
"U-P06053","V37V"
"R-P12833","V37V"
"T-P11858","V37V"
"T-P13238","V37V"
"R-P15134","V37V"
"R-P24653","V37V"
"R-P15132","V37V"
"T-P03078","V37V"
"T-P11685","V37V"
"T-P03079","V37V"
"T-P13239","V37V"
"S-P15116","V37V"
"S-P15126","V37V"
"S-P15124","V37V"
"S-P15121","V37V"
"R-P15142","V37V"
"T-P13240","V37V"
"R-P24654","V37V"
"S-P12069","V37V"
"T-P11688","V37V"
"T-P11691","V37V"
"Q-P08743","V37V"
"S-P15120","V37V"
"U-P06055","V37V"
"R-P15140","V37V"
"R-P15141","V37V"
"T-P11689","V37V"
"R-P23931","V37V"
"S-P15118","V37V"
"R-P15139","V37V"
"S-P17961","V37V"
"S-P15174","V37V"
"T-P11681","V37V"
"Q-P10032","V37V"
"Q-P10033","V37V"
"S-P20456","V37V"
"T-P13245","V37V"
"T-P12300","V37V"
"S-P17956","V37V"
"R-P24647","V37V"
"T-P13250","V37V"
"T-P13249","V37V"
"R-P22293","V37V"
"S-P12077","V37V"
"S-P12074","V37V"
"T-P03081","V37V"
"S-P12071","V37V"
"T-P12301","V37V"
"S-P17958","V37V"
"Q-P10031","V37V"
"Q-P10030","V37V"
"S-P20424","V37V"
"Q-P10029","V37V"
"S-P20428","V37V"
"R-P22295","V37V"
"T-P13248","V37V"
"S-P20453","V37V"
"S-P18294","V37V"
"S-P12076","V37V"
"T-P13244","V37V"
"S-P17955","V37V"
"T-P13247","V37V"
"U-P06048","V37V"
"T-P13246","V37V"
"R-P24646","V37V"
"T-P11860","V37V"
"T-P11861","V37V"
"T-P13241","V37V"
"Q-P10028","V37V"
"R-P24028","V37V"
"S-P12072","V37V"
"R-P27091","V37V"
"T-P03080","V37V"
"U-P00630","V37V"
"Q-P10027","V37V"
"Q-P10026","V37V"
"R-P24025","V37V"
"S-P18296","V37V"
"Q-P10025","V37V"
"S-P12073","V37V"
"R-P24024","V37V"
"U-P00629","V37V"
"T-P11859","V37V"
"S-P12070","V37V"
"R-P15135","V37V"
"T-P13242","V37V"
"S-P17960","V37V"
"S-P17959","V37V"
"T-P13237","V37V"
"T-P05177","V37V"
"R-P24649","V37V"
"U-P00121","V37V"
"S-P25125","V37V"
"Q-P10034","V37V"
"T-P12304","V37V"
"Q-P08742","V37V"
"T-P11686","V37V"
"R-P28994","V37V"
"R-P15133","V37V"
"R-P24022","V37V"
"T-P02594","V37V"
"S-P20447","V37V"
"S-P18291","V37V"
"T-P02593","V37V"
"S-P18290","V37V"
"S-P17962","V37V"
"T-P05175","V37V"
"T-P11684","V37V"
"R-P24651","V37V"
"R-P24021","V37V"
"T-P36745","V37V"
"T-P12305","V37V"
"T-P11856","V37V"
"T-P11690","V37V"
"T-P02592","V37V"
"T-P13233","V37V"
"R-P23932","V37V"
"T-P13235","V37V"
"T-P13227","V37V"
"T-P04825","V37V"
"S-P12078","V37V"
"S-P11128","V37V"
"T-P11682","V37V"
"R-P24023","V37V"
"U-P00631","V37V"
"T-P13234","V37V"
"T-P36746","V37V"
"Q-P08744","V37V"
"T-P13251","V37V"
"R-P22296","V37V"
"T-P05176","V37V"
"Q-P10035","V37V"
"R-P22297","V37V"
"T-P13243","V37V"
"R-P24648","V37V"
"T-P11855","V37V"
"R-P15136","V37V"
"S-P17957","V37V"
"T-P12303","V37V"
"Q-P07041","V37V"
"R-P24650","V37V"
"S-P12075","V37V"
"Q-P10072","V10X"
"R-P24641","V10X"
"R-P24638","V10X"
"R-P24633","V10X"
"U-P10354","V10X"
"U-P10352","V10X"
"Q-P07766","V10X"
"Q-P08739","V10X"
"T-P36809","V10X"
"S-P15103","V10X"
"T-P36803","V10X"
"T-P23954","V10X"
"R-P24336","V10X"
"T-P32620","V10X"
"U-P10353","V10X"
"S-P18304","V10X"
"S-P15090","V10X"
"S-P12060","V10X"
"S-P21794","V10X"
"Q-P10073","V10X"
"R-P22277","V10X"
"S-P15092","V10X"
"Xixon33","V10X"
"T-P36801","V10X"
"R-P22282","V10X"
"S-P11127","V10X"
"R-P23979","V10X"
"S-P20388","V10X"
"U-P15819","V10X"
"U-P10355","V10X"
"T-P12294","V10X"
"T-P05147","V10X"
"T-P05146","V10X"
"R-P24640","V10X"
"T-P36810","V10X"
"T-P05149","V10X"
"R-P24643","V10X"
"T-P33568","V10X"
"T-P10739","V10X"
"S-P12067","V10X"
"S-P20398","V10X"
"U-P10349","V10X"
"R-P22287","V10X"
"T-P32622","V10X"
"S-P18293","V10X"
"NEW-OMAR-BA05","V10X"
"S-P20392","V10X"
"S-P12062","V10X"
"S-P12049","V10X"
"T-P05150","V10X"
"Q-P08738","V10X"
"S-P20397","V10X"
"T-P32617","V10X"
"T-P32619","V10X"
"U-P10325","V10X"
"S-P12045","V10X"
"S-P12057","V10X"
"R-P22275","V10X"
"T-P32613","V10X"
"S-P19638","V10X"
"Q-P10074","V10X"
"R-P24642","V10X"
"T-P36812","V10X"
"U-P10347","V10X"
"Q-P07045","V10X"
"T-P36804","V10X"
"S-P12056","V10X"
"S-P12068","V10X"
"U-P10324","V10X"
"T-P32614","V10X"
"T-P36799","V10X"
"T-P32611","V10X"
"T-P32612","V10X"
"T-P32621","V10X"
"Q-P07767","V10X"
"Q-P07763","V10X"
"S-P15097","V10X"
"Q-P10071","V10X"
"S-P12081","V10X"
"Q-P07765","V10X"
"R-P24634","V10X"
"Q-P07764","V10X"
"T-P32606","V10X"
"T-P05145","V10X"
"S-P12052","V10X"
"T-P12049","V10X"
"T-P32609","V10X"
"R-P23977","V10X"
"U-P10351","V10X"
"S-P12079","V10X"
"T-P33570","V10X"
"S-P12083","V10X"
"R-P22286","V10X"
"S-P15113","V10X"
"T-P32607","V10X"
"S-P12046","V10X"
"R-P24636","V10X"
"T-P33574","V10X"
"U-P10357","V10X"
"S-P21797","V10X"
"Q-P10075","V10X"
"T-P36800","V10X"
"R-P23978","V10X"
"S-P12082","V10X"
"T-P36802","V10X"
"S-P12043","V10X"
"R-P22285","V10X"
"T-P33571","V10X"
"R-P23980","V10X"
"S-P15114","V10X"
"S-P12047","V10X"
"U-P10356","V10X"
"S-P12050","V10X"
"S-P12061","V10X"
"R-P23975","V10X"
"T-P27802","V10X"
"S-P12080","V10X"
"R-P24645","V10X"
"T-P27789","V10X"
"U-P10350","V10X"
"S-P12059","V10X"
"T-P27793","V10X"
"T-P05142","V10X"
"U-P10342","V10X"
"U-P10331","V10X"
"R-P24635","V10X"
"T-P36797","V10X"
"S-P12053","V10X"
"T-P33578","V10X"
"R-P24644","V10X"
"S-P15093","V10X"
"T-P05143","V10X"
"R-P22289","V10X"
"T-P12295","V10X"
"R-P22291","V10X"
"S-P12051","V10X"
"T-P27800","V10X"
"S-P12055","V10X"
"R-P22279","V10X"
"S-P12065","V10X"
"T-P36806","V10X"
"T-P36805","V10X"
"R-P24637","V10X"
"T-P36807","V10X"
"S-P15107","V10X"
"R-P23976","V10X"
"S-P12064","V10X"
"T-P32616","V10X"
"R-P22288","V10X"
"S-P15091","V10X"
"T-P32610","V10X"
"R-P15005","V10X"
"Q-P14836","V10X"
"S-P12063","V10X"
"S-P15109","V10X"
"R-P22280","V10X"
"R-P22290","V10X"
"S-P12054","V10X"
"T-P23950","V10X"
"S-P12058","V10X"
"S-P12066","V10X"
"T-P32618","V10X"
"S-P18306","V10X"
"T-P33575","V10X"
"R-P24639","V10X"
"T-P36808","V10X"
"T-P32615","V10X"
"R-P22281","V10X"
"U-P10348","V10X"
"Q-P10078","V10X"
"T-P10738","V10X"
"T-P05144","V10X"
"T-P36796","V10X"
"Q-P10077","V10X"
"T-P36811","V10X"
"S-P18305","V10X"
"T-P05148","V10X"
